day,lang,n,mean_score,negative_fraction,neutral_fraction,positive_fraction,mean_max_probability
2026-08-17,ar,100,0.11390182547271252,0.26,0.27,0.47,0.6895913138985634
2026-08-17,de,32,-0.22271402389742434,0.375,0.5,0.125,0.711885224096477
2026-08-17,en,100,-0.0380427473038435,0.33,0.38,0.29,0.6933153301477433
2026-08-17,es,100,-0.18008957289159297,0.42,0.35,0.23,0.7117810475826264
2026-08-17,fa,50,-0.29327138751745224,0.54,0.28,0.18,0.6655617696046829
2026-08-17,fr,100,-0.17721675910055637,0.51,0.23,0.26,0.711939497590065
2026-08-17,hi,49,-0.04018121615660434,0.3877551020408163,0.3877551020408163,0.22448979591836735,0.5673377890976108
2026-08-17,in,50,-0.14217948734760286,0.38,0.4,0.22,0.6144363385438919
2026-08-17,it,42,-0.41894054585801704,0.6666666666666666,0.21428571428571427,0.11904761904761904,0.7774245320331483
2026-08-17,ja,50,0.1258723696321249,0.32,0.32,0.36,0.6783032810688019
2026-08-17,ko,50,-0.08636571310460567,0.4,0.26,0.34,0.6290931749343872
2026-08-17,pt,100,-0.27039560712873933,0.49,0.38,0.13,0.7006117117404937
2026-08-17,ru,38,-0.05464228036764421,0.39473684210526316,0.39473684210526316,0.21052631578947367,0.6503602109457317
2026-08-17,th,50,0.04910978406667709,0.2,0.42,0.38,0.5870711570978164
2026-08-17,tr,50,-0.0534032142162323,0.4,0.38,0.22,0.6357744497060775
2026-08-17,zh,42,-0.16465551565800393,0.40476190476190477,0.47619047619047616,0.11904761904761904,0.5370290463878995
2026-08-18,ar,100,0.15455380715429784,0.27,0.26,0.47,0.6782736533880234
2026-08-18,de,48,-0.12088586882843326,0.3541666666666667,0.4583333333333333,0.1875,0.7176457531750202
2026-08-18,en,100,0.0006042914465069771,0.27,0.44,0.29,0.6843189778923988
2026-08-18,es,100,-0.12135598424822092,0.35,0.41,0.24,0.7124920731782913
2026-08-18,fa,50,-0.1602909155189991,0.54,0.18,0.28,0.6224676257371903
2026-08-18,fr,100,-0.16292635306715966,0.56,0.19,0.25,0.706649840772152
2026-08-18,hi,37,-0.05117878579610103,0.40540540540540543,0.32432432432432434,0.2702702702702703,0.5525748721651129
2026-08-18,in,50,-0.04097139880061149,0.36,0.36,0.28,0.6362676084041595
2026-08-18,it,41,-0.3400016163543957,0.6341463414634146,0.17073170731707318,0.1951219512195122,0.7797412232654851
2026-08-18,ja,50,0.09452430285513401,0.26,0.4,0.34,0.6793173813819885
2026-08-18,ko,50,0.016350136250257493,0.32,0.28,0.4,0.6367551964521408
2026-08-18,pt,100,-0.2420666990429163,0.52,0.22,0.26,0.7359493282437325
2026-08-18,ru,32,-0.0686076917918399,0.3125,0.46875,0.21875,0.6536350734531879
2026-08-18,th,50,0.038804519549012186,0.38,0.26,0.36,0.6316707688570022
2026-08-18,tr,50,-0.09135481297969818,0.38,0.4,0.22,0.6650614845752716
2026-08-18,zh,50,-0.11240440413355827,0.36,0.42,0.22,0.578948900103569
2026-08-19,ar,100,0.11488184243440629,0.25,0.36,0.39,0.6814761206507682
2026-08-19,de,31,-0.18527125332865022,0.45161290322580644,0.3548387096774194,0.1935483870967742,0.7238197730433557
2026-08-19,en,100,-0.027658642660826446,0.29,0.46,0.25,0.7123928573727608
2026-08-19,es,100,-0.14795357756316663,0.44,0.34,0.22,0.7415879398584366
2026-08-19,fa,48,-0.1493824419255058,0.4791666666666667,0.2708333333333333,0.25,0.6062540523707867
2026-08-19,fr,100,-0.06537084009498358,0.43,0.27,0.3,0.6971928989887237
2026-08-19,hi,37,0.03487092457913064,0.2702702702702703,0.40540540540540543,0.32432432432432434,0.5685048079168474
2026-08-19,in,50,-0.18535624608397483,0.46,0.36,0.18,0.6762746846675873
2026-08-19,it,44,-0.20776378448036584,0.4090909090909091,0.36363636363636365,0.22727272727272727,0.7363193292509426
2026-08-19,ja,50,0.15065061017870904,0.22,0.32,0.46,0.6469627833366394
2026-08-19,ko,50,0.0474760314822197,0.34,0.32,0.34,0.656373815536499
2026-08-19,pt,100,-0.20870836418122052,0.47,0.3,0.23,0.7228160431981087
2026-08-19,ru,23,-0.12089083862045537,0.43478260869565216,0.391304347826087,0.17391304347826086,0.6075111588706141
2026-08-19,th,50,0.1656866017729044,0.14,0.5,0.36,0.6297423148155212
2026-08-19,tr,50,-0.100497667491436,0.38,0.4,0.22,0.6362240290641785
2026-08-19,zh,50,-0.07586859479546547,0.38,0.46,0.16,0.5896109223365784
2026-08-20,ar,100,0.11526426523923874,0.28,0.31,0.41,0.7022854247689247
2026-08-20,de,29,-0.16258832144326177,0.4827586206896552,0.2413793103448276,0.27586206896551724,0.7394928099780247
2026-08-20,en,100,-0.13287064781412483,0.41,0.36,0.23,0.6801228830218315
2026-08-20,es,100,-0.19760204816237092,0.43,0.38,0.19,0.7339405378699303
2026-08-20,fa,50,-0.13207577913999557,0.44,0.3,0.26,0.5917904531955719
2026-08-20,fr,100,0.020918614119291305,0.35,0.27,0.38,0.7162854573130608
2026-08-20,hi,48,0.040795724373310804,0.3125,0.3541666666666667,0.3333333333333333,0.5682009899367889
2026-08-20,in,50,-0.05064778700470925,0.44,0.26,0.3,0.5943081521987915
2026-08-20,it,52,-0.25793156686883706,0.4807692307692308,0.40384615384615385,0.11538461538461539,0.7814441569722615
2026-08-20,ja,50,0.27280815146863463,0.18,0.28,0.54,0.7006090754270553
2026-08-20,ko,50,0.03751925364136696,0.32,0.3,0.38,0.6039272838830948
2026-08-20,pt,100,-0.1114276566542685,0.37,0.4,0.23,0.7026145002245903
2026-08-20,ru,27,-0.050740461934495856,0.25925925925925924,0.5925925925925926,0.14814814814814814,0.6567920192524239
2026-08-20,th,50,0.09337480455636978,0.24,0.44,0.32,0.6412668228149414
2026-08-20,tr,50,-0.07981897622346878,0.34,0.48,0.18,0.6587394392490387
2026-08-20,zh,50,-0.08821821138262749,0.32,0.48,0.2,0.5636576902866364
2026-08-21,ar,100,0.061390904784202574,0.38,0.18,0.44,0.6963095033168792
2026-08-21,de,33,-0.17661332869620033,0.36363636363636365,0.5151515151515151,0.12121212121212122,0.6976598112872152
2026-08-21,en,100,-0.061426570490002635,0.36,0.34,0.3,0.6890423172712326
2026-08-21,es,100,-0.1848221667855978,0.44,0.38,0.18,0.7157261919975281
2026-08-21,fa,50,-0.18765682786703108,0.48,0.3,0.22,0.6119028306007386
2026-08-21,fr,100,-0.12179806031286716,0.44,0.26,0.3,0.720715539753437
2026-08-21,hi,69,-0.07847329709624899,0.43478260869565216,0.3333333333333333,0.2318840579710145,0.5659514574900918
2026-08-21,in,50,-0.04022418841719627,0.36,0.34,0.3,0.6462970507144928
2026-08-21,it,41,-0.2549109021883185,0.4634146341463415,0.3170731707317073,0.21951219512195122,0.7335849302570995
2026-08-21,ja,50,0.08042074486613274,0.3,0.4,0.3,0.6901748317480088
2026-08-21,ko,50,0.06094149604439735,0.34,0.24,0.42,0.6727337253093719
2026-08-21,pt,100,-0.20217264346778394,0.48,0.29,0.23,0.7376493519544601
2026-08-21,ru,38,-0.1119843544928651,0.34210526315789475,0.5,0.15789473684210525,0.6190150207594821
2026-08-21,th,50,0.0729125751554966,0.3,0.36,0.34,0.6090183770656585
2026-08-21,tr,50,-0.1909930546581745,0.58,0.26,0.16,0.6707234328985214
2026-08-21,zh,50,-0.10757526233792306,0.44,0.38,0.18,0.5714815354347229
2026-08-22,ar,100,0.1309623292274773,0.29,0.22,0.49,0.684703825712204
2026-08-22,de,33,-0.1789343679944674,0.3333333333333333,0.5151515151515151,0.15151515151515152,0.7993927652185614
2026-08-22,en,100,-0.10254727385938167,0.43,0.33,0.24,0.684813521206379
2026-08-22,es,100,-0.09759199142456054,0.38,0.34,0.28,0.7179563471674919
2026-08-22,fa,50,-0.214578255712986,0.58,0.16,0.26,0.5800200778245926
2026-08-22,fr,100,-0.04051849335432053,0.42,0.23,0.35,0.7627162116765976
2026-08-22,hi,53,-0.07127868398180548,0.4339622641509434,0.32075471698113206,0.24528301886792453,0.5548019690333672
2026-08-22,in,50,-0.09779885612428188,0.48,0.24,0.28,0.6094722896814346
2026-08-22,it,57,-0.15777620516325297,0.45614035087719296,0.2631578947368421,0.2807017543859649,0.7535713304553115
2026-08-22,ja,50,0.04884646050632,0.3,0.36,0.34,0.675570604801178
2026-08-22,ko,50,0.21368940494954586,0.16,0.36,0.48,0.6402426397800446
2026-08-22,pt,100,-0.1094372058659792,0.38,0.39,0.23,0.7225313529372215
2026-08-22,ru,31,-0.07232412287304478,0.25806451612903225,0.5806451612903226,0.16129032258064516,0.6244059368487327
2026-08-22,th,50,0.13499826639890672,0.2,0.38,0.42,0.636367518901825
2026-08-22,tr,50,-0.005092968940734863,0.38,0.3,0.32,0.6590226322412491
2026-08-22,zh,50,-0.21301443368196488,0.52,0.32,0.16,0.5988698077201843
2026-08-23,ar,100,0.05841994486749172,0.31,0.27,0.42,0.6732037097215653
2026-08-23,de,30,-0.04563987987736861,0.36666666666666664,0.43333333333333335,0.2,0.732970177133878
2026-08-23,en,100,-0.07287738051265479,0.36,0.35,0.29,0.6850691109895706
2026-08-23,es,100,-0.14046895729377865,0.41,0.3,0.29,0.6995105218887329
2026-08-23,fa,50,-0.27345343500375746,0.6,0.28,0.12,0.6012068653106689
2026-08-23,fr,100,-0.2203050784021616,0.58,0.15,0.27,0.746743394434452
2026-08-23,hi,59,-0.01499628717616453,0.4067796610169492,0.3389830508474576,0.2542372881355932,0.5689966299776303
2026-08-23,in,50,-0.1496628102660179,0.52,0.24,0.24,0.6179656380414963
2026-08-23,it,46,-0.16334017439056997,0.43478260869565216,0.3695652173913043,0.1956521739130435,0.7105653143447378
2026-08-23,ja,50,0.17296672403812408,0.24,0.32,0.44,0.7321131843328476
2026-08-23,ko,50,-0.045103440061211586,0.44,0.22,0.34,0.6446871984004975
2026-08-23,pt,100,-0.23300447948276998,0.49,0.31,0.2,0.7131030470132828
2026-08-23,ru,27,0.03771742226348983,0.18518518518518517,0.48148148148148145,0.3333333333333333,0.6172883300869553
2026-08-23,th,50,0.054958634451031683,0.26,0.36,0.38,0.6398734962940216
2026-08-23,tr,50,-0.15259299218654632,0.4,0.32,0.28,0.6683244335651398
2026-08-23,zh,50,-0.13722877591848373,0.42,0.36,0.22,0.5996557891368866
2026-08-24,ar,100,0.1231277121976018,0.32,0.22,0.46,0.6890412148833275
2026-08-24,de,45,-0.17172454686628447,0.35555555555555557,0.4666666666666667,0.17777777777777778,0.7369324988789029
2026-08-24,en,100,-0.10321497905999422,0.4,0.34,0.26,0.7063826110959053
2026-08-24,es,100,-0.1757183269970119,0.43,0.35,0.22,0.7429632160067559
2026-08-24,fa,50,-0.31832098990678787,0.62,0.26,0.12,0.6417459219694137
2026-08-24,fr,100,-0.05639713956043124,0.45,0.2,0.35,0.7104997691512108
2026-08-24,hi,50,0.019921016842126847,0.38,0.34,0.28,0.5379885464906693
2026-08-24,in,50,-0.15560038480907679,0.5,0.28,0.22,0.6185959094762802
2026-08-24,it,50,-0.2162503918260336,0.5,0.24,0.26,0.7359722971916198
2026-08-24,ja,50,0.046021700501441956,0.34,0.34,0.32,0.6608130258321762
2026-08-24,ko,50,0.0552970714867115,0.3,0.32,0.38,0.668358537554741
2026-08-24,pt,100,-0.1834843722358346,0.47,0.3,0.23,0.7021850380301475
2026-08-24,ru,26,-0.013031502755788656,0.34615384615384615,0.46153846153846156,0.19230769230769232,0.6531251966953278
2026-08-24,th,50,0.09482168585062027,0.22,0.4,0.38,0.6429830569028855
2026-08-24,tr,50,-0.005565766394138336,0.3,0.44,0.26,0.676219254732132
2026-08-24,zh,42,-0.14370107304837024,0.40476190476190477,0.4523809523809524,0.14285714285714285,0.5810245786394391
2026-08-25,ar,100,-0.02285495091229677,0.38,0.26,0.36,0.6846962627768517
2026-08-25,de,31,-0.0288858097647467,0.2903225806451613,0.4838709677419355,0.22580645161290322,0.749001415506486
2026-08-25,en,100,-0.11971004374325275,0.41,0.36,0.23,0.7019614836573601
2026-08-25,es,100,-0.32028705552220343,0.54,0.33,0.13,0.7296609973907471
2026-08-25,fa,36,-0.19766903378897244,0.6111111111111112,0.2222222222222222,0.16666666666666666,0.5841456626852354
2026-08-25,fr,100,-0.10203550681471825,0.44,0.26,0.3,0.7022494477033615
2026-08-25,hi,35,-0.06419853738376073,0.4,0.4,0.2,0.4906126686504909
2026-08-25,in,50,-0.07452355779707431,0.32,0.38,0.3,0.645015903711319
2026-08-25,it,51,-0.2162044384315902,0.43137254901960786,0.37254901960784315,0.19607843137254902,0.7372062521822312
2026-08-25,ja,50,0.11465427100658417,0.22,0.4,0.38,0.65244460105896
2026-08-25,ko,50,0.11336204335093499,0.3,0.28,0.42,0.6645669412612915
2026-08-25,pt,100,-0.19344974908977747,0.44,0.36,0.2,0.7085242027044296
2026-08-25,ru,32,-0.16679923853371292,0.40625,0.4375,0.15625,0.6741244914010167
2026-08-25,th,50,-0.06701221942901611,0.34,0.42,0.24,0.6546100527048111
2026-08-25,tr,50,-0.17367611870169639,0.52,0.24,0.24,0.662211109995842
2026-08-25,zh,44,-0.05558488441800529,0.3409090909090909,0.4090909090909091,0.25,0.5763152688741684
2026-08-26,ar,100,0.1284274487197399,0.27,0.31,0.42,0.6972900670766831
2026-08-26,de,46,-0.06306555571601442,0.30434782608695654,0.45652173913043476,0.2391304347826087,0.720925857839377
2026-08-26,en,100,0.007669921852648258,0.31,0.38,0.31,0.6895918935537338
2026-08-26,es,100,-0.1650412709824741,0.43,0.37,0.2,0.7146397694945336
2026-08-26,fa,50,-0.19907499209046364,0.54,0.28,0.18,0.6288703924417496
2026-08-26,fr,100,-0.05086546622216701,0.47,0.2,0.33,0.7458851176500321
2026-08-26,hi,56,-0.02754899420376335,0.32142857142857145,0.4642857142857143,0.21428571428571427,0.5322835397507463
2026-08-26,in,50,-0.13631274908781052,0.46,0.34,0.2,0.5884573274850845
2026-08-26,it,69,-0.2727808709917725,0.5072463768115942,0.3188405797101449,0.17391304347826086,0.7236419587895491
2026-08-26,ja,50,0.027653411626815796,0.34,0.3,0.36,0.6635465854406357
2026-08-26,ko,50,-0.08548887647688388,0.44,0.38,0.18,0.5997101205587387
2026-08-26,pt,100,-0.24000131469219924,0.46,0.38,0.16,0.6977554324269295
2026-08-26,ru,48,-0.13279400599033883,0.3958333333333333,0.4583333333333333,0.14583333333333334,0.6829041590293249
2026-08-26,th,50,0.003034575879573822,0.24,0.52,0.24,0.5951526480913162
2026-08-26,tr,50,-0.08916281849145889,0.36,0.42,0.22,0.6606205213069916
2026-08-26,zh,47,-0.11250537729009669,0.40425531914893614,0.2765957446808511,0.3191489361702128,0.5820553486651563
2026-08-27,ar,100,0.10965502358973027,0.25,0.35,0.4,0.6975788253545762
2026-08-27,de,54,-0.212200151687419,0.4074074074074074,0.5185185185185185,0.07407407407407407,0.6972456960766403
2026-08-27,en,100,-0.08087704118341207,0.38,0.35,0.27,0.7091179811954498
2026-08-27,es,100,-0.19916171746328473,0.42,0.38,0.2,0.7343782910704613
2026-08-27,fa,50,-0.22686719104647637,0.56,0.26,0.18,0.5989422965049743
2026-08-27,fr,100,-0.20654918424785138,0.54,0.17,0.29,0.7478131115436554
2026-08-27,hi,56,-0.02044472244701215,0.4107142857142857,0.32142857142857145,0.26785714285714285,0.5676363467105797
2026-08-27,in,50,-0.001511637270450592,0.36,0.26,0.38,0.610461151599884
2026-08-27,it,58,-0.09646903049072315,0.3275862068965517,0.3620689655172414,0.3103448275862069,0.7312496032180458
2026-08-27,ja,50,0.06346420362591744,0.3,0.38,0.32,0.7020730692148208
2026-08-27,ko,50,0.04904583640396595,0.32,0.32,0.36,0.6440492630004883
2026-08-27,pt,100,-0.23902476351708174,0.46,0.36,0.18,0.7094735726714134
2026-08-27,ru,25,0.011683260798454284,0.24,0.4,0.36,0.6168675577640533
2026-08-27,th,50,0.061035864800214765,0.32,0.3,0.38,0.6095811307430268
2026-08-27,tr,50,-0.16949135020375253,0.44,0.34,0.22,0.6733799576759338
2026-08-27,zh,50,-0.2347468051314354,0.54,0.36,0.1,0.5976936048269272
2026-08-28,ar,100,0.15482346726581453,0.3,0.24,0.46,0.6756490767002106
2026-08-28,de,48,-0.07836936763487756,0.22916666666666666,0.5625,0.20833333333333334,0.7073939573019743
2026-08-28,en,100,-0.1932405925542116,0.46,0.33,0.21,0.7012943994998931
2026-08-28,es,100,-0.15281489841639995,0.42,0.34,0.24,0.7206454646587371
2026-08-28,fa,50,-0.21328118845820426,0.54,0.22,0.24,0.6680074977874756
2026-08-28,fr,100,-0.1849206707626581,0.49,0.22,0.29,0.706456726193428
2026-08-28,hi,43,-0.008096706208794616,0.4186046511627907,0.2558139534883721,0.32558139534883723,0.5885259516017382
2026-08-28,in,50,-0.09901370048522949,0.5,0.24,0.26,0.6130811303853989
2026-08-28,it,63,-0.11384448719521363,0.4126984126984127,0.2857142857142857,0.30158730158730157,0.6993258586005558
2026-08-28,ja,50,0.0937542501091957,0.26,0.3,0.44,0.6886714595556259
2026-08-28,ko,50,0.07101172000169755,0.3,0.26,0.44,0.6434846556186676
2026-08-28,pt,100,-0.10653606813400984,0.36,0.39,0.25,0.678340454697609
2026-08-28,ru,38,-0.0493104165714038,0.3157894736842105,0.39473684210526316,0.2894736842105263,0.6935113158665205
2026-08-28,th,50,0.09002689056098462,0.22,0.44,0.34,0.6187548512220382
2026-08-28,tr,50,-0.05214830815792084,0.32,0.5,0.18,0.6640455090999603
2026-08-28,zh,50,-0.13907836735248566,0.42,0.4,0.18,0.542894474864006
2026-08-29,ar,100,-0.01816861629486084,0.38,0.3,0.32,0.7000383639335632
2026-08-29,de,37,-0.22478883018767512,0.43243243243243246,0.4594594594594595,0.10810810810810811,0.7026081133533169
2026-08-29,en,100,-0.12960587106645108,0.44,0.28,0.28,0.6979817199707031
2026-08-29,es,100,-0.25485954934731125,0.5,0.3,0.2,0.70617113083601
2026-08-29,fa,50,-0.18045567631721496,0.52,0.26,0.22,0.5988555616140365
2026-08-29,fr,100,-0.10825743291527033,0.46,0.25,0.29,0.7279399651288986
2026-08-29,hi,49,-0.0730076580479437,0.40816326530612246,0.3673469387755102,0.22448979591836735,0.5378832439987027
2026-08-29,in,50,-0.024318341612815857,0.4,0.34,0.26,0.6021442514657974
2026-08-29,it,55,-0.20899360179901122,0.4727272727272727,0.3090909090909091,0.21818181818181817,0.7611226374452764
2026-08-29,ja,50,-0.021470909714698793,0.36,0.36,0.28,0.6900255382061005
2026-08-29,ko,50,0.10933523796498776,0.28,0.38,0.34,0.6124757826328278
2026-08-29,pt,100,-0.1593005981296301,0.42,0.4,0.18,0.6999251449108124
2026-08-29,ru,29,-0.1270517146792905,0.3793103448275862,0.5172413793103449,0.10344827586206896,0.6261665194199003
2026-08-29,th,50,0.13349116645753384,0.2,0.38,0.42,0.6462666410207748
2026-08-29,tr,50,-0.04544139929115772,0.38,0.36,0.26,0.6688880580663681
2026-08-29,zh,50,-0.11204326204955578,0.42,0.46,0.12,0.5515075796842575
2026-08-30,ar,100,0.11582918852567672,0.26,0.33,0.41,0.6947398763895035
2026-08-30,de,38,-0.0416949057069264,0.2631578947368421,0.5789473684210527,0.15789473684210525,0.7394669173579467
2026-08-30,en,100,-0.0636747407540679,0.38,0.31,0.31,0.6891206207871438
2026-08-30,es,100,-0.12755116490647198,0.4,0.35,0.25,0.7416480550169945
2026-08-30,fa,50,-0.28042343087494376,0.6,0.22,0.18,0.6414361196756363
2026-08-30,fr,100,-0.1527032444998622,0.53,0.14,0.33,0.7558439579606057
2026-08-30,hi,52,-0.04776067601946684,0.40384615384615385,0.38461538461538464,0.21153846153846154,0.5398776009678841
2026-08-30,in,50,-0.07632581502199173,0.46,0.3,0.24,0.5699441927671433
2026-08-30,it,55,-0.26655395193533465,0.4909090909090909,0.36363636363636365,0.14545454545454545,0.7319017979231748
2026-08-30,ja,50,0.14998268634080886,0.22,0.34,0.44,0.6572247099876404
2026-08-30,ko,50,-0.005032615661621094,0.26,0.44,0.3,0.617893950343132
2026-08-30,pt,100,-0.18067714240401983,0.48,0.26,0.26,0.6936395356059074
2026-08-30,ru,29,-0.14033521454909753,0.41379310344827586,0.4482758620689655,0.13793103448275862,0.6954853339441891
2026-08-30,th,50,0.09042451038956642,0.22,0.38,0.4,0.6146705085039139
2026-08-30,tr,50,-0.07452441841363906,0.48,0.24,0.28,0.6885200101137161
2026-08-30,zh,50,-0.17118647933006287,0.48,0.38,0.14,0.5692902451753616
2026-08-31,ar,100,0.10563139215111733,0.29,0.26,0.45,0.6809052792191506
2026-08-31,de,30,-0.15592822780211765,0.36666666666666664,0.4666666666666667,0.16666666666666666,0.6940783351659775
2026-08-31,en,100,-0.14560066673904656,0.41,0.41,0.18,0.6854036131501198
2026-08-31,es,100,-0.1143852875009179,0.38,0.35,0.27,0.7131115725636482
2026-08-31,fa,50,-0.08449611052870751,0.42,0.32,0.26,0.6010724556446075
2026-08-31,fr,100,-0.12722619712352753,0.48,0.24,0.28,0.7105508273839951
2026-08-31,hi,44,-0.10072901557114991,0.38636363636363635,0.38636363636363635,0.22727272727272727,0.5403848947449164
2026-08-31,in,50,-0.0700656944513321,0.38,0.36,0.26,0.6522331100702286
2026-08-31,it,37,-0.17748086104119146,0.43243243243243246,0.32432432432432434,0.24324324324324326,0.7611391906802719
2026-08-31,ja,50,0.11202409237623215,0.3,0.28,0.42,0.6547186052799225
2026-08-31,ko,50,0.00630992516875267,0.34,0.34,0.32,0.6352129977941513
2026-08-31,pt,100,-0.24180409621447324,0.45,0.36,0.19,0.7363257846236229
2026-08-31,ru,14,-0.08308660558291844,0.35714285714285715,0.42857142857142855,0.21428571428571427,0.6607343639646258
2026-08-31,th,50,-0.04314950205385685,0.34,0.42,0.24,0.6237249022722244
2026-08-31,tr,50,-0.18715033374726772,0.46,0.34,0.2,0.6493864977359771
2026-08-31,zh,50,-0.14881955444812775,0.42,0.44,0.14,0.5822961115837098
2026-09-01,ar,67,0.10229278522640911,0.31343283582089554,0.26865671641791045,0.417910447761194,0.6691456281427127
2026-09-01,de,6,-0.3685172696908315,0.6666666666666666,0.16666666666666666,0.16666666666666666,0.7199683537085851
2026-09-01,en,100,-0.049571065343916414,0.34,0.38,0.28,0.6990229144692421
2026-09-01,es,100,-0.14718012448400258,0.39,0.39,0.22,0.7106224021315575
2026-09-01,fa,6,-0.15956358114878336,0.5,0.3333333333333333,0.16666666666666666,0.5178552120923996
2026-09-01,fr,30,-0.052927504976590475,0.4,0.23333333333333334,0.36666666666666664,0.6674534598986308
2026-09-01,hi,13,-0.21853364889438337,0.3076923076923077,0.6153846153846154,0.07692307692307693,0.552942502957124
2026-09-01,in,43,-0.17826452604386694,0.5116279069767442,0.27906976744186046,0.20930232558139536,0.6665057269639747
2026-09-01,it,7,-0.3256952807839428,0.42857142857142855,0.5714285714285714,0.0,0.7514033998761859
2026-09-01,ja,50,0.058702836334705355,0.3,0.32,0.38,0.7055369603633881
2026-09-01,ko,50,-0.042312244772911074,0.46,0.18,0.36,0.6350349068641663
2026-09-01,pt,100,-0.17971600227057935,0.46,0.32,0.22,0.7110683792829513
2026-09-01,ru,7,-0.21768011152744293,0.42857142857142855,0.42857142857142855,0.14285714285714285,0.7555121438843864
2026-09-01,th,29,0.12377483372030587,0.27586206896551724,0.3448275862068966,0.3793103448275862,0.6412374664997232
2026-09-01,tr,42,-0.22335333607736088,0.40476190476190477,0.5476190476190477,0.047619047619047616,0.6879512071609497
2026-09-01,zh,15,-0.20119344343741735,0.4,0.4,0.2,0.5656686147054036
2026-09-02,ar,11,0.20438905940814453,0.18181818181818182,0.45454545454545453,0.36363636363636365,0.7201871330087836
2026-09-02,de,3,-0.1901111751794815,0.3333333333333333,0.6666666666666666,0.0,0.8018627166748047
2026-09-02,en,100,-0.06837442934513092,0.36,0.34,0.3,0.7078046920895577
2026-09-02,es,37,-0.16654942667967565,0.35135135135135137,0.5135135135135135,0.13513513513513514,0.6897814225506138
2026-09-02,fa,7,-0.3490632495709828,0.8571428571428571,0.0,0.14285714285714285,0.5914469659328461
2026-09-02,fr,12,-0.3030138636628787,0.6666666666666666,0.16666666666666666,0.16666666666666666,0.8026082540551821
2026-09-02,hi,4,0.24473483115434647,0.25,0.25,0.5,0.515809029340744
2026-09-02,in,3,0.17015198866526285,0.0,0.6666666666666666,0.3333333333333333,0.6159389813741049
2026-09-02,it,1,-0.4468441307544708,1.0,0.0,0.0,0.49409019947052
2026-09-02,ja,50,0.1745852781832218,0.22,0.36,0.42,0.6785128980875015
2026-09-02,pt,13,-0.20860769485051817,0.46153846153846156,0.3076923076923077,0.23076923076923078,0.7706265472448789
2026-09-02,ru,3,-0.13087558249632517,0.6666666666666666,0.0,0.3333333333333333,0.622141977151235
2026-09-02,th,1,-0.16456693410873413,0.0,1.0,0.0,0.6246433854103088
2026-09-02,tr,9,-0.1257067190276252,0.5555555555555556,0.2222222222222222,0.2222222222222222,0.7234442432721456
2026-09-02,zh,4,-0.16047805920243263,0.5,0.5,0.0,0.6553723812103271
2026-09-03,ar,11,0.22822584211826324,0.2727272727272727,0.18181818181818182,0.5454545454545454,0.6885412606326017
2026-09-03,de,3,-0.8815115292867025,1.0,0.0,0.0,0.9030124743779501
2026-09-03,en,100,-0.03692559897899628,0.35,0.31,0.34,0.699572052359581
2026-09-03,es,42,-0.03921045877394222,0.38095238095238093,0.3333333333333333,0.2857142857142857,0.7075266916127432
2026-09-03,fa,1,-0.023400962352752686,0.0,1.0,0.0,0.5774893760681152
2026-09-03,fr,16,-0.0055330663453787565,0.375,0.375,0.25,0.7881027664989233
2026-09-03,in,11,-0.16173970597711476,0.5454545454545454,0.2727272727272727,0.18181818181818182,0.5923912091688677
2026-09-03,it,5,0.05791026279330254,0.2,0.6,0.2,0.6894869089126587
2026-09-03,ja,50,0.05150336727499962,0.3,0.36,0.34,0.667606749534607
2026-09-03,ko,6,0.1748209297657013,0.16666666666666666,0.5,0.3333333333333333,0.5562667548656464
2026-09-03,pt,18,-0.16778738796710968,0.3333333333333333,0.4444444444444444,0.2222222222222222,0.7258231358395683
2026-09-03,th,2,0.2669636160135269,0.0,1.0,0.0,0.5890722572803497
2026-09-03,tr,11,0.024847342209382492,0.2727272727272727,0.45454545454545453,0.2727272727272727,0.6413837508721785
2026-09-03,zh,5,0.13072728365659714,0.0,0.6,0.4,0.5620309174060821
2026-09-04,ar,18,-0.0015794804526699914,0.3888888888888889,0.16666666666666666,0.4444444444444444,0.6920247856113646
2026-09-04,de,5,-0.2415062326937914,0.4,0.4,0.2,0.8055864334106445
2026-09-04,en,100,0.0817098294198513,0.26,0.35,0.39,0.7256051334738731
2026-09-04,es,33,-0.09932020261432185,0.3333333333333333,0.42424242424242425,0.24242424242424243,0.7573441330230597
2026-09-04,fa,7,-0.5705312958785466,1.0,0.0,0.0,0.6579427889415196
2026-09-04,fr,15,0.10638393561045328,0.3333333333333333,0.2,0.4666666666666667,0.6922227581342061
2026-09-04,hi,5,0.057808423042297365,0.4,0.2,0.4,0.5901070713996888
2026-09-04,in,8,-0.11378527525812387,0.375,0.375,0.25,0.7231241017580032
2026-09-04,it,5,0.12875310368835927,0.0,0.8,0.2,0.790735912322998
2026-09-04,ja,50,0.03796829797327519,0.3,0.34,0.36,0.7687586617469787
2026-09-04,ko,12,0.18478448688983917,0.08333333333333333,0.6666666666666666,0.25,0.5279300411542257
2026-09-04,pt,21,-0.15343361312434786,0.5238095238095238,0.19047619047619047,0.2857142857142857,0.7367043523561387
2026-09-04,ru,1,-0.5096968412399292,1.0,0.0,0.0,0.6343085765838623
2026-09-04,th,4,-0.2544684186577797,0.75,0.0,0.25,0.6153873652219772
2026-09-04,tr,17,-0.004297042155967039,0.35294117647058826,0.29411764705882354,0.35294117647058826,0.7388855867526111
2026-09-04,zh,3,0.10659812887509663,0.3333333333333333,0.3333333333333333,0.3333333333333333,0.5188094874223074
2026-09-05,ar,20,0.058984522521495816,0.25,0.35,0.4,0.6558895617723465
2026-09-05,de,1,0.1382024586200714,0.0,0.0,1.0,0.4291984438896179
2026-09-05,en,100,0.018442594911903143,0.34,0.38,0.28,0.6909969148039817
2026-09-05,es,45,-0.21744055565860537,0.4444444444444444,0.4,0.15555555555555556,0.7195223569869995
2026-09-05,fa,5,-0.45943596959114075,0.8,0.2,0.0,0.6061810791492462
2026-09-05,fr,16,0.4556373206432909,0.125,0.125,0.75,0.7473254799842834
2026-09-05,hi,3,-0.009602099657058716,0.0,1.0,0.0,0.5120412607987722
2026-09-05,in,9,-0.04188445003496276,0.3333333333333333,0.5555555555555556,0.1111111111111111,0.609685586558448
2026-09-05,it,4,-0.24527096934616566,0.5,0.25,0.25,0.7768692225217819
2026-09-05,ja,50,0.0023352861404418944,0.32,0.36,0.32,0.7063380634784698
2026-09-05,ko,9,0.22553656333022648,0.2222222222222222,0.2222222222222222,0.5555555555555556,0.6910646756490072
2026-09-05,pt,30,-0.12995028557876745,0.4,0.36666666666666664,0.23333333333333334,0.6916526585817337
2026-09-05,th,4,0.12782122194766998,0.25,0.25,0.5,0.5182316526770592
2026-09-05,tr,15,-0.16899455587069193,0.4,0.3333333333333333,0.26666666666666666,0.6823079427083333
2026-09-05,zh,5,-0.24126864075660706,0.4,0.6,0.0,0.6035277247428894
2026-09-06,ar,28,-0.0142402925661632,0.35714285714285715,0.39285714285714285,0.25,0.7160516445125852
2026-09-06,de,4,-0.5228631999343634,0.75,0.25,0.0,0.734525129199028
2026-09-06,en,100,-0.03618186514824629,0.35,0.37,0.28,0.6825141966342926
2026-09-06,es,49,-0.30466007806208667,0.5918367346938775,0.20408163265306123,0.20408163265306123,0.7646282540292156
2026-09-06,fa,7,-0.39087854964392527,0.8571428571428571,0.14285714285714285,0.0,0.5904348109449659
2026-09-06,fr,27,-0.27755700990005777,0.6666666666666666,0.14814814814814814,0.18518518518518517,0.7186092535654703
2026-09-06,hi,3,-0.08023677269617717,0.3333333333333333,0.3333333333333333,0.3333333333333333,0.48872125148773193
2026-09-06,in,15,0.02946682497859001,0.3333333333333333,0.4,0.26666666666666666,0.5944951295852661
2026-09-06,it,2,0.44105569273233414,0.0,0.5,0.5,0.8574875593185425
2026-09-06,ja,50,0.05126358576118946,0.34,0.3,0.36,0.6809114158153534
2026-09-06,ko,12,0.1309026274830103,0.25,0.5,0.25,0.6452350417772929
2026-09-06,pt,32,-0.16503060422837734,0.5,0.28125,0.21875,0.7254857523366809
2026-09-06,ru,1,-0.6938462853431702,1.0,0.0,0.0,0.7205719351768494
2026-09-06,th,1,-0.6415851712226868,1.0,0.0,0.0,0.7045868039131165
2026-09-06,tr,25,0.03222804754972458,0.4,0.24,0.36,0.7168940770626068
2026-09-06,zh,1,0.028395608067512512,0.0,1.0,0.0,0.8776431679725647
2026-09-07,ar,42,0.12868028985602514,0.23809523809523808,0.30952380952380953,0.4523809523809524,0.6970567171062741
2026-09-07,de,4,0.26082149147987366,0.0,0.75,0.25,0.8182583004236221
2026-09-07,en,100,-0.01785105910152197,0.37,0.32,0.31,0.711435566842556
2026-09-07,es,70,-0.0040361437946558,0.2571428571428571,0.5,0.24285714285714285,0.7085218110254833
2026-09-07,fa,9,-0.014829368227057986,0.3333333333333333,0.4444444444444444,0.2222222222222222,0.6121800806787279
2026-09-07,fr,24,-0.4183327592909336,0.7916666666666666,0.0,0.20833333333333334,0.751548190911611
2026-09-07,hi,9,0.10170290039645301,0.2222222222222222,0.4444444444444444,0.3333333333333333,0.5363751815425025
2026-09-07,in,24,-0.010715514731903871,0.3333333333333333,0.375,0.2916666666666667,0.6225083830455939
2026-09-07,it,3,-0.5982409516970316,0.6666666666666666,0.3333333333333333,0.0,0.6967663168907166
2026-09-07,ja,50,0.19255592353641987,0.22,0.36,0.42,0.6790026956796646
2026-09-07,ko,18,-0.1465886611905363,0.4444444444444444,0.3888888888888889,0.16666666666666666,0.6411934180392159
2026-09-07,pt,43,-0.11739472178525703,0.4186046511627907,0.37209302325581395,0.20930232558139536,0.7354843450147052
2026-09-07,ru,3,-0.5069588621457418,0.6666666666666666,0.3333333333333333,0.0,0.7234187126159668
2026-09-07,th,7,0.14445914115224565,0.42857142857142855,0.0,0.5714285714285714,0.6683705363954816
2026-09-07,tr,33,-0.08619307184761221,0.3333333333333333,0.3939393939393939,0.2727272727272727,0.6498180907784086
2026-09-07,zh,4,0.0522332563996315,0.5,0.25,0.25,0.6152247115969658
2026-09-08,ar,27,0.016535021088741445,0.37037037037037035,0.2962962962962963,0.3333333333333333,0.672925568289227
2026-09-08,de,5,0.10543141961097717,0.2,0.4,0.4,0.6100540518760681
2026-09-08,en,100,-0.051686319001019,0.34,0.42,0.24,0.6911721915006638
2026-09-08,es,48,-0.10028662354064484,0.375,0.3333333333333333,0.2916666666666667,0.7374751480917136
2026-09-08,fa,7,0.3135179174797876,0.14285714285714285,0.2857142857142857,0.5714285714285714,0.5571397202355521
2026-09-08,fr,26,0.08201688757309547,0.34615384615384615,0.23076923076923078,0.4230769230769231,0.6893103260260361
2026-09-08,hi,4,-0.17064785584807396,0.5,0.5,0.0,0.5766104832291603
2026-09-08,in,8,-0.04512607026845217,0.25,0.5,0.25,0.7691775485873222
2026-09-08,it,4,-0.47105808928608894,0.5,0.5,0.0,0.6515577360987663
2026-09-08,ja,50,-0.037454281225800516,0.4,0.28,0.32,0.6891428458690644
2026-09-08,ko,14,0.12006635112421853,0.21428571428571427,0.14285714285714285,0.6428571428571429,0.6376789425100599
2026-09-08,pt,38,-0.36331364747725037,0.5789473684210527,0.2631578947368421,0.15789473684210525,0.7541344048161256
2026-09-08,ru,4,-0.2898569777607918,0.75,0.0,0.25,0.8003172725439072
2026-09-08,th,7,-0.08479231808866773,0.42857142857142855,0.42857142857142855,0.14285714285714285,0.6289246422903878
2026-09-08,tr,24,0.1207086897144715,0.25,0.4583333333333333,0.2916666666666667,0.6377699573834738
2026-09-08,zh,7,0.016268402338027954,0.2857142857142857,0.5714285714285714,0.14285714285714285,0.5144427801881518
2026-09-09,ar,10,0.09089909791946411,0.4,0.2,0.4,0.6695647239685059
2026-09-09,de,7,0.1621273926326207,0.14285714285714285,0.42857142857142855,0.42857142857142855,0.686371351991381
2026-09-09,en,100,0.0016302510723471642,0.28,0.38,0.34,0.6779821717739105
2026-09-09,es,42,-0.20252248879876875,0.4523809523809524,0.2857142857142857,0.2619047619047619,0.7666238149007162
2026-09-09,fa,5,-0.08549281358718872,0.4,0.2,0.4,0.6235367238521576
2026-09-09,fr,19,0.04795822187473899,0.3157894736842105,0.15789473684210525,0.5263157894736842,0.6848967294943961
2026-09-09,hi,4,-0.01169152557849884,0.25,0.5,0.25,0.5758129060268402
2026-09-09,in,12,-0.10900130122900009,0.3333333333333333,0.4166666666666667,0.25,0.6024061565597852
2026-09-09,it,2,0.6829556822776794,0.0,0.0,1.0,0.7609560191631317
2026-09-09,ja,50,0.04278906837105751,0.36,0.28,0.36,0.7001644539833068
2026-09-09,ko,18,0.1158130443137553,0.1111111111111111,0.4444444444444444,0.4444444444444444,0.647536156906022
2026-09-09,pt,40,-0.12921412931755186,0.375,0.4,0.225,0.7058526553213597
2026-09-09,ru,1,-0.25904184579849243,0.0,1.0,0.0,0.5523380637168884
2026-09-09,th,8,0.07548534497618675,0.25,0.5,0.25,0.5849837847054005
2026-09-09,tr,15,-0.044364268084367116,0.3333333333333333,0.5333333333333333,0.13333333333333333,0.5936229248841604
2026-09-09,zh,4,-0.0642344020307064,0.25,0.5,0.25,0.6166165694594383
2026-09-10,ar,8,0.11974125728011131,0.25,0.375,0.375,0.7006326504051685
2026-09-10,en,100,0.10178003842011094,0.27,0.35,0.38,0.6977111941576004
2026-09-10,es,28,0.03135741076299122,0.32142857142857145,0.42857142857142855,0.25,0.6393007040023804
2026-09-10,fa,2,0.39088480174541473,0.0,0.5,0.5,0.5525844544172287
2026-09-10,fr,8,-0.18156297225505114,0.5,0.125,0.375,0.7005453035235405
2026-09-10,in,4,0.186289981007576,0.25,0.25,0.5,0.7512411773204803
2026-09-10,it,1,0.694478452205658,0.0,0.0,1.0,0.7182092070579529
2026-09-10,ja,50,0.12226147234439849,0.22,0.42,0.36,0.6938037204742432
2026-09-10,ko,3,-0.10234691699345906,0.6666666666666666,0.3333333333333333,0.0,0.4798087974389394
2026-09-10,pt,23,-0.24150197580456734,0.4782608695652174,0.43478260869565216,0.08695652173913043,0.6437220482722573
2026-09-10,ru,1,-0.03215490281581879,0.0,1.0,0.0,0.5488110780715942
2026-09-10,tr,4,-0.4055702146142721,0.5,0.5,0.0,0.8152760863304138
2026-09-10,zh,1,-0.27581244707107544,1.0,0.0,0.0,0.42653775215148926
2026-09-11,ar,6,0.15029910455147424,0.16666666666666666,0.3333333333333333,0.5,0.6277664403120676
2026-09-11,en,100,0.08549897149205207,0.25,0.42,0.33,0.6864851215481758
2026-09-11,es,23,-0.05381020579649055,0.34782608695652173,0.34782608695652173,0.30434782608695654,0.6955251525277677
2026-09-11,fa,2,0.01859317719936371,0.0,1.0,0.0,0.4572877138853073
2026-09-11,fr,13,-0.20365404394956735,0.46153846153846156,0.3076923076923077,0.23076923076923078,0.6541803410420051
2026-09-11,hi,1,-0.35020774602890015,1.0,0.0,0.0,0.5130179524421692
2026-09-11,in,4,0.13441665470600128,0.25,0.0,0.75,0.6585291624069214
2026-09-11,it,4,0.11384553834795952,0.25,0.25,0.5,0.8088263869285583
2026-09-11,ja,50,0.08154898226261138,0.22,0.48,0.3,0.6676524984836578
2026-09-11,ko,2,-0.22560470551252365,0.5,0.5,0.0,0.6011093258857727
2026-09-11,pt,19,-0.08895093594726763,0.3157894736842105,0.5263157894736842,0.15789473684210525,0.6455238163471222
2026-09-11,ru,1,-0.6835166811943054,1.0,0.0,0.0,0.7201631665229797
2026-09-11,th,4,-0.06725817918777466,0.25,0.5,0.25,0.574735976755619
2026-09-11,tr,17,-0.34792955526534247,0.5882352941176471,0.29411764705882354,0.11764705882352941,0.6558981082018684
2026-09-11,zh,4,-0.3682755120098591,0.5,0.5,0.0,0.6106483489274979
2026-09-12,ar,22,0.002479300410910086,0.36363636363636365,0.3181818181818182,0.3181818181818182,0.7150049927559766
2026-09-12,de,1,-0.16923891007900238,0.0,1.0,0.0,0.7478384375572205
2026-09-12,en,100,0.053429887890815736,0.27,0.39,0.34,0.7134021404385567
2026-09-12,es,27,-0.10408466364498492,0.4444444444444444,0.25925925925925924,0.2962962962962963,0.7728126556785019
2026-09-12,fa,4,-0.36286165192723274,0.5,0.25,0.25,0.6187346205115318
2026-09-12,fr,7,-0.23889856891972677,0.5714285714285714,0.2857142857142857,0.14285714285714285,0.7891039337430682
2026-09-12,hi,2,-0.4333488792181015,0.5,0.5,0.0,0.6961191147565842
2026-09-12,in,9,0.028447818838887744,0.3333333333333333,0.3333333333333333,0.3333333333333333,0.6754626168145074
2026-09-12,it,1,0.24167615175247192,0.0,1.0,0.0,0.6958467364311218
2026-09-12,ja,50,0.25084918409585955,0.18,0.34,0.48,0.6806276857852935
2026-09-12,ko,8,-0.1236143708229065,0.5,0.375,0.125,0.6260693855583668
2026-09-12,pt,26,-0.37016022878770644,0.5384615384615384,0.34615384615384615,0.11538461538461539,0.711884699188746
2026-09-12,ru,2,-0.3945921063423157,0.5,0.5,0.0,0.7257043421268463
2026-09-12,th,3,0.40315572917461395,0.0,0.6666666666666666,0.3333333333333333,0.6219547490278879
2026-09-12,tr,10,-0.08042669147253037,0.4,0.3,0.3,0.6770942509174347
2026-09-12,zh,3,0.1483756105105082,0.0,1.0,0.0,0.5750417311986288
2026-09-13,ar,15,0.07715634951988856,0.3333333333333333,0.26666666666666666,0.4,0.6746677199999491
2026-09-13,de,2,-0.28947636019438505,0.5,0.5,0.0,0.7803333401679993
2026-09-13,en,100,-0.11034795062616468,0.43,0.32,0.25,0.7018895900249481
2026-09-13,es,33,-0.05755887615183989,0.3333333333333333,0.42424242424242425,0.24242424242424243,0.7139605744318529
2026-09-13,fa,3,0.10195166865984599,0.3333333333333333,0.3333333333333333,0.3333333333333333,0.5412853360176086
2026-09-13,fr,9,0.1902996086412006,0.3333333333333333,0.2222222222222222,0.4444444444444444,0.6911899149417877
2026-09-13,in,10,0.009183461964130401,0.6,0.1,0.3,0.5903550982475281
2026-09-13,it,4,-0.2614228967577219,0.25,0.75,0.0,0.7156132757663727
2026-09-13,ja,50,0.09743903800845147,0.28,0.3,0.42,0.6887923747301101
2026-09-13,ko,17,-0.061972532202215755,0.35294117647058826,0.4117647058823529,0.23529411764705882,0.7204466514727649
2026-09-13,pt,31,-0.13704850969295349,0.3870967741935484,0.3225806451612903,0.2903225806451613,0.7263209762111786
2026-09-13,th,2,0.11119905114173889,0.5,0.0,0.5,0.7006083726882935
2026-09-13,tr,13,0.12510739008967692,0.3076923076923077,0.3076923076923077,0.38461538461538464,0.6147638811514928
2026-09-13,zh,2,0.2819642648100853,0.0,0.0,1.0,0.4875943511724472
2026-09-14,ar,15,0.26666282216707865,0.2,0.2,0.6,0.7626779397328695
2026-09-14,de,3,-0.6689379115899404,0.6666666666666666,0.3333333333333333,0.0,0.8151128093401591
2026-09-14,en,100,-0.036491532772779466,0.32,0.39,0.29,0.6985595917701721
2026-09-14,es,47,-0.3599709400788267,0.574468085106383,0.2978723404255319,0.1276595744680851,0.7387102176534369
2026-09-14,fa,7,0.021940124886376516,0.42857142857142855,0.14285714285714285,0.42857142857142855,0.6106905681746346
2026-09-14,fr,16,0.054870765656232834,0.4375,0.0625,0.5,0.7278809733688831
2026-09-14,hi,2,0.339227594435215,0.0,0.5,0.5,0.6523268520832062
2026-09-14,in,2,-0.5577123835682869,1.0,0.0,0.0,0.6691688895225525
2026-09-14,it,3,-0.35588738322257996,0.3333333333333333,0.6666666666666666,0.0,0.7769717772801717
2026-09-14,ja,50,0.08968730181455613,0.28,0.38,0.34,0.6651477557420731
2026-09-14,ko,20,-0.08125348836183548,0.4,0.45,0.15,0.6504566982388497
2026-09-14,pt,33,-0.08280081369660118,0.48484848484848486,0.21212121212121213,0.30303030303030304,0.7313185596104824
2026-09-14,ru,2,-0.4177311062812805,0.5,0.5,0.0,0.80538609623909
2026-09-14,th,4,0.07436677813529968,0.0,0.75,0.25,0.4893562123179436
2026-09-14,tr,22,-0.14510513249446044,0.36363636363636365,0.4090909090909091,0.22727272727272727,0.6914300999858163
2026-09-14,zh,2,0.1955122947692871,0.0,1.0,0.0,0.62847700715065
2026-09-15,ar,20,0.0160989286378026,0.3,0.4,0.3,0.7090188041329384
2026-09-15,de,4,-0.48017096146941185,0.75,0.25,0.0,0.6166189089417458
2026-09-15,en,100,-0.1240302088111639,0.38,0.4,0.22,0.6722845235466957
2026-09-15,es,39,-0.3741877312079454,0.5641025641025641,0.3076923076923077,0.1282051282051282,0.753619657877164
2026-09-15,fa,3,-0.23015280067920685,0.3333333333333333,0.6666666666666666,0.0,0.644658108552297
2026-09-15,fr,17,-0.2592311133356655,0.5882352941176471,0.29411764705882354,0.11764705882352941,0.7170354986892027
2026-09-15,hi,6,0.10332765678564708,0.16666666666666666,0.5,0.3333333333333333,0.5453210125366846
2026-09-15,in,17,-0.1560697901774855,0.47058823529411764,0.35294117647058826,0.17647058823529413,0.590387307545718
2026-09-15,it,3,-0.2240341529250145,0.6666666666666666,0.3333333333333333,0.0,0.5574017067750295
2026-09-15,ja,50,0.09676350861787796,0.3,0.28,0.42,0.6905724090337754
2026-09-15,ko,22,0.1347253962673924,0.2727272727272727,0.22727272727272727,0.5,0.65768248249184
2026-09-15,pt,35,-0.13454707818371908,0.4857142857142857,0.22857142857142856,0.2857142857142857,0.6952046045235225
2026-09-15,ru,2,-0.6826212108135223,1.0,0.0,0.0,0.7125987708568573
2026-09-15,th,12,-0.11989722059418757,0.4166666666666667,0.3333333333333333,0.25,0.6393631647030512
2026-09-15,tr,12,-0.11814352218061686,0.4166666666666667,0.3333333333333333,0.25,0.7214752485354742
2026-09-15,zh,7,-0.08294738190514701,0.42857142857142855,0.2857142857142857,0.2857142857142857,0.6592577525547573
2026-09-16,ar,10,-0.11046400144696236,0.3,0.6,0.1,0.6335699021816253
2026-09-16,de,1,-0.018563363701105118,0.0,1.0,0.0,0.900627076625824
2026-09-16,en,100,-0.13012336876243352,0.35,0.42,0.23,0.7203605371713638
2026-09-16,es,21,-0.11484063487677347,0.38095238095238093,0.42857142857142855,0.19047619047619047,0.75253921463376
2026-09-16,fa,2,0.5186919271945953,0.0,0.0,1.0,0.604346513748169
2026-09-16,fr,9,-0.4415869977739122,0.6666666666666666,0.2222222222222222,0.1111111111111111,0.7778385976950327
2026-09-16,hi,2,-0.19104695320129395,1.0,0.0,0.0,0.45502573251724243
2026-09-16,in,15,0.1353828767935435,0.26666666666666666,0.26666666666666666,0.4666666666666667,0.5658430476983388
2026-09-16,it,2,0.10514726117253304,0.0,1.0,0.0,0.7708253562450409
2026-09-16,ja,50,0.11971738584339618,0.26,0.24,0.5,0.6785896092653274
2026-09-16,ko,13,-0.2727430858291112,0.5384615384615384,0.3076923076923077,0.15384615384615385,0.7047973664907309
2026-09-16,pt,22,-0.24542986110530116,0.4090909090909091,0.5,0.09090909090909091,0.6684390943158757
2026-09-16,ru,1,0.7118109464645386,0.0,0.0,1.0,0.7282919883728027
2026-09-16,th,6,-0.3138550619284312,0.8333333333333334,0.0,0.16666666666666666,0.557823454340299
2026-09-16,tr,12,-0.23439315830667815,0.5,0.3333333333333333,0.16666666666666666,0.6248873521884283
2026-09-16,zh,3,-0.41079287727673847,0.6666666666666666,0.3333333333333333,0.0,0.7474296490351359
2026-09-17,ar,1,-0.9145150184631348,1.0,0.0,0.0,0.9312652945518494
2026-09-17,en,23,-0.03810352572928304,0.2608695652173913,0.43478260869565216,0.30434782608695654,0.6426092463990917
2026-09-17,es,7,-0.18913135996886662,0.5714285714285714,0.14285714285714285,0.2857142857142857,0.7915194886071342
2026-09-17,fa,1,-0.8111777901649475,1.0,0.0,0.0,0.8571258187294006
2026-09-17,fr,2,0.4040931537747383,0.0,0.5,0.5,0.7214876711368561
2026-09-17,hi,1,-0.4852173924446106,1.0,0.0,0.0,0.6441023945808411
2026-09-17,in,2,-0.0342046320438385,0.5,0.0,0.5,0.5067507326602936
2026-09-17,ja,30,-0.10619087691108385,0.43333333333333335,0.26666666666666666,0.3,0.6862880021333695
2026-09-17,ko,2,-0.24603426456451416,0.5,0.0,0.5,0.6995855867862701
2026-09-17,pt,5,0.47044663429260253,0.0,0.2,0.8,0.6449575901031495
